name,author,narrator,runtime,release_date,language,stars,price,category,subcategory
Atomic Enterprise,Jason K. Miller,Jon Mills,4 hrs and 10 mins,13-04-26,English,Not rated yet,11.26,Business & Careers,Business Development & Entrepreneurship
Real Estate Market Analysis Basics,Nexiel H Drax,Eddie Leonard Jr.,3 hrs and 45 mins,09-03-26,English,Not rated yet,10.99,Business & Careers,Business Development & Entrepreneurship
Practical Guide to Better Communication,RaynixD Belmont,Eddie Leonard Jr.,3 hrs and 42 mins,20-02-26,English,Not rated yet,10.80,Business & Careers,Business Development & Entrepreneurship
From Hustle to Equity,Riley V. Gallagher,Robyn Green,3 hrs and 3 mins,15-01-26,English,5.0 1 rating,10.40,Business & Careers,Business Development & Entrepreneurship
Digital Products Business Manual,Kinsley Dravemont,Eddie Leonard Jr.,3 hrs and 58 mins,29-10-25,English,Not rated yet,10.99,Business & Careers,Business Development & Entrepreneurship
Affiliate Marketing for Beginners,Maddox Crewlyn,Eddie Leonard Jr.,3 hrs and 57 mins,16-10-25,English,Not rated yet,10.62,Business & Careers,Business Development & Entrepreneurship
The Clear Path to Self-Publishing,Delores Wilsn,Courtney Pinkerton,1 hr and 16 mins,06-04-26,English,Not rated yet,Free,Business & Careers,Business Development & Entrepreneurship
Fresh from Home,Natasha Johnson,KC Wayman,1 hr and 7 mins,28-04-26,English,Not rated yet,Free,Business & Careers,Business Development & Entrepreneurship
How to Invest in Bitcoin and Cryptocurrency,Camden H. Rillstone,Eddie Leonard Jr.,4 hrs and 6 mins,19-09-25,English,Not rated yet,11.26,Business & Careers,Business Development & Entrepreneurship
Tech Savvy Side Hustle,Dayna May,Myriam Berger,1 hr and 12 mins,09-03-26,English,Not rated yet,Free,Business & Careers,Business Development & Entrepreneurship
Short Books Big Impact,A.M. Vaughan,Ashley Chavez,1 hr and 4 mins,30-03-26,English,Not rated yet,Free,Business & Careers,Business Development & Entrepreneurship
From Idea to Income,Natasha Johnson,Elizabeth Stockton,1 hr and 2 mins,24-04-26,English,Not rated yet,Free,Business & Careers,Business Development & Entrepreneurship
The Shopify Success Blueprint: From First Step to Sustained Growth,Mark Frederick White,David Reynolds,1 hr,13-03-26,English,Not rated yet,Free,Business & Careers,Business Development & Entrepreneurship
The Quiet Entrepreneur’s Advantage,Alex Halberstein,Scott LeCote,1 hr and 28 mins,02-03-26,English,5.0 20 ratings,Free,Business & Careers,Business Development & Entrepreneurship
The Age of Digital Tribes,Sourav H. Balai,Gordon Webster,1 hr and 7 mins,23-03-26,English,Not rated yet,Free,Business & Careers,Business Development & Entrepreneurship
The Long Game of Business,Katherine Coba,Scott LeCote,1 hr and 26 mins,02-03-26,English,5.0 20 ratings,Free,Business & Careers,Business Development & Entrepreneurship
The Sustainable Startup Method,Alex Halberstein,Scott LeCote,1 hr and 27 mins,02-03-26,English,5.0 21 ratings,Free,Business & Careers,Business Development & Entrepreneurship
AI-Built Digital Empire,Deborah Beckwith,Jake Andrews,1 hr and 14 mins,28-01-26,English,1.0 1 rating,Free,Business & Careers,Business Development & Entrepreneurship
ChatGPT for Freelancing for Beginners,Angel Talamantes,Jacob Baird,3 hrs and 53 mins,15-05-26,English,5.0 12 ratings,13.79,Business & Careers,Business Development & Entrepreneurship
Collapse: Navigating Civilization’s Predicaments with Wisdom and Courage,Juan Pablo Quiñonez,Joe Scalora,7 hrs and 12 mins,20-05-26,English,Not rated yet,18.29,Business & Careers,Business Development & Entrepreneurship
